{"confusion_matrix": [[1786120, 196561], [255257, 1726701]], "f1_score": [0.8877208032289794, 0.8843040853012122], "accuracy": 0.8860380478525283, "recall": 0.8712096825462498, "precision": 0.8977981159093249}