{"confusion_matrix": [[1982479, 202], [289, 1981669]], "f1_score": [0.9998761804779233, 0.9998761298734127], "accuracy": 0.9998761551808374, "recall": 0.99985418459927, "precision": 0.9998980761109073}