{"confusion_matrix": [[1782890, 199791], [215147, 1766811]], "f1_score": [0.8957630256652191, 0.8949140952651093], "accuracy": 0.8953402819273079, "recall": 0.8914472456025809, "precision": 0.8984080154499996}