{"avg_ipt":1365916.9378319369,"bytes_in":461.0575305253,"bytes_out":2963.2537898945,"dest_port":13334.3389110799,"entropy":3.0926734272,"num_pkts_out":5.5990791721,"num_pkts_in":3.2289015613,"src_port":38824.3983652987,"total_entropy":11082.0323773891,"duration":0.7551987022}