{"confusion_matrix": [[1976884, 5797], [1857779, 124179]], "f1_score": [0.6796517448512585, 0.11759742491952872], "accuracy": 0.5299506462000702, "recall": 0.06265470812196827, "precision": 0.9553994583615437}