{"confusion_matrix": [[1982481, 200], [224, 1981734]], "f1_score": [0.9998930747221078, 0.999893034421725], "accuracy": 0.999893054575713, "recall": 0.9998869804506453, "precision": 0.9998990884661144}