{"avg_ipt":45384724.1430636719,"bytes_in":2317.7215083351,"bytes_out":6093.9702527226,"dest_port":17619.8048381902,"entropy":2.3800833218,"num_pkts_out":15.9111395667,"num_pkts_in":11.3240710979,"src_port":20000.8968754824,"total_entropy":47895.2177246047,"duration":6.2054388531}